{
  "IcoMoonType": "selection",
  "icons": [
    {
      "icon": {
        "paths": [
          "M0 1024c128-384 463-1024 1024-1024-263 211-384 704-576 704s-192 0-192 0l-192 320h-64z"
        ],
        "tags": [
          "quill",
          "feather",
          "write",
          "edit"
        ],
        "defaultCode": 59655,
        "grid": 16,
        "attrs": []
      },
      "attrs": [],
      "properties": {
        "ligatures": "quill, feather",
        "name": "quill",
        "order": 2,
        "id": 8,
        "prevSize": 32,
        "code": 59655
      },
      "setIdx": 0,
      "setId": 1,
      "iconIdx": 7
    },
    {
      "icon": {
        "paths": [
          "M928 128h-832c-52.8 0-96 43.2-96 96v640c0 52.8 43.2 96 96 96h832c52.8 0 96-43.2 96-96v-640c0-52.8-43.2-96-96-96zM398.74 550.372l-270.74 210.892v-501.642l270.74 290.75zM176.38 256h671.24l-335.62 252-335.62-252zM409.288 561.698l102.712 110.302 102.71-110.302 210.554 270.302h-626.528l210.552-270.302zM625.26 550.372l270.74-290.75v501.642l-270.74-210.892z"
        ],
        "tags": [
          "envelop",
          "mail",
          "email",
          "contact",
          "letter"
        ],
        "defaultCode": 59717,
        "grid": 16,
        "attrs": []
      },
      "attrs": [],
      "properties": {
        "ligatures": "envelop, mail",
        "name": "envelop",
        "order": 5,
        "id": 70,
        "prevSize": 32,
        "code": 59717
      },
      "setIdx": 0,
      "setId": 1,
      "iconIdx": 69
    },
    {
      "icon": {
        "paths": [
          "M1025.5 800c0-288-256-224-256-448 0-18.56-1.788-34.42-5.048-47.928-16.83-113.018-92.156-203.72-189.772-231.36 0.866-3.948 1.32-8.032 1.32-12.21 0-33.278-28.8-60.502-64-60.502s-64 27.224-64 60.5c0 4.18 0.456 8.264 1.32 12.21-109.47 30.998-190.914 141.298-193.254 273.442-0.040 1.92-0.066 3.864-0.066 5.846 0 224.002-256 160.002-256 448.002 0 76.226 170.59 139.996 398.97 156.080 21.524 40.404 64.056 67.92 113.030 67.92s91.508-27.516 113.030-67.92c228.38-16.084 398.97-79.854 398.97-156.080 0-0.228-0.026-0.456-0.028-0.682l1.528 0.682zM826.246 854.096c-54.23 14.47-118.158 24.876-186.768 30.648-5.704-65.418-60.582-116.744-127.478-116.744s-121.774 51.326-127.478 116.744c-68.608-5.772-132.538-16.178-186.768-30.648-74.63-19.914-110.31-42.19-123.368-54.096 13.058-11.906 48.738-34.182 123.368-54.096 86.772-23.152 198.372-35.904 314.246-35.904s227.474 12.752 314.246 35.904c74.63 19.914 110.31 42.19 123.368 54.096-13.058 11.906-48.738 34.182-123.368 54.096z"
        ],
        "tags": [
          "bell",
          "alarm",
          "notification"
        ],
        "defaultCode": 59729,
        "grid": 16,
        "attrs": []
      },
      "attrs": [],
      "properties": {
        "ligatures": "bell, alarm2",
        "name": "bell",
        "order": 4,
        "id": 82,
        "prevSize": 32,
        "code": 59729
      },
      "setIdx": 0,
      "setId": 1,
      "iconIdx": 81
    },
    {
      "icon": {
        "paths": [
          "M576 248.372v-248.372l384 384-384 384v-253.824c-446.75-10.482-427.588 303.792-313.86 509.824-280.712-303.414-221.1-789.57 313.86-775.628z"
        ],
        "tags": [
          "redo",
          "right",
          "arrow-right"
        ],
        "defaultCode": 59752,
        "grid": 16,
        "attrs": []
      },
      "attrs": [],
      "properties": {
        "ligatures": "redo2, right",
        "name": "redo2",
        "order": 12,
        "id": 105,
        "prevSize": 32,
        "code": 59752
      },
      "setIdx": 0,
      "setId": 1,
      "iconIdx": 104
    },
    {
      "icon": {
        "paths": [
          "M992.262 871.396l-242.552-206.294c-25.074-22.566-51.89-32.926-73.552-31.926 57.256-67.068 91.842-154.078 91.842-249.176 0-212.078-171.922-384-384-384-212.076 0-384 171.922-384 384s171.922 384 384 384c95.098 0 182.108-34.586 249.176-91.844-1 21.662 9.36 48.478 31.926 73.552l206.294 242.552c35.322 39.246 93.022 42.554 128.22 7.356s31.892-92.898-7.354-128.22zM384 640c-141.384 0-256-114.616-256-256s114.616-256 256-256 256 114.616 256 256-114.614 256-256 256z"
        ],
        "tags": [
          "search",
          "magnifier",
          "magnifying-glass",
          "inspect",
          "find"
        ],
        "defaultCode": 59782,
        "grid": 16,
        "attrs": []
      },
      "attrs": [],
      "properties": {
        "ligatures": "search, magnifier",
        "name": "search",
        "order": 7,
        "id": 135,
        "prevSize": 32,
        "code": 59782
      },
      "setIdx": 0,
      "setId": 1,
      "iconIdx": 134
    },
    {
      "icon": {
        "paths": [
          "M1024 0v416l-160-160-192 192-96-96 192-192-160-160zM448 672l-192 192 160 160h-416v-416l160 160 192-192z"
        ],
        "tags": [
          "enlarge",
          "expand",
          "maximize",
          "fullscreen"
        ],
        "defaultCode": 59787,
        "grid": 16,
        "attrs": []
      },
      "attrs": [],
      "properties": {
        "ligatures": "enlarge2, expand2",
        "name": "enlarge2",
        "order": 9,
        "id": 140,
        "prevSize": 32,
        "code": 59787
      },
      "setIdx": 0,
      "setId": 1,
      "iconIdx": 139
    },
    {
      "icon": {
        "paths": [
          "M440.236 635.766c-13.31 0-26.616-5.076-36.77-15.23-95.134-95.136-95.134-249.934 0-345.070l192-192c46.088-46.086 107.36-71.466 172.534-71.466s126.448 25.38 172.536 71.464c95.132 95.136 95.132 249.934 0 345.070l-87.766 87.766c-20.308 20.308-53.23 20.308-73.54 0-20.306-20.306-20.306-53.232 0-73.54l87.766-87.766c54.584-54.586 54.584-143.404 0-197.99-26.442-26.442-61.6-41.004-98.996-41.004s-72.552 14.562-98.996 41.006l-192 191.998c-54.586 54.586-54.586 143.406 0 197.992 20.308 20.306 20.306 53.232 0 73.54-10.15 10.152-23.462 15.23-36.768 15.23z",
          "M256 1012c-65.176 0-126.45-25.38-172.534-71.464-95.134-95.136-95.134-249.934 0-345.070l87.764-87.764c20.308-20.306 53.234-20.306 73.54 0 20.308 20.306 20.308 53.232 0 73.54l-87.764 87.764c-54.586 54.586-54.586 143.406 0 197.992 26.44 26.44 61.598 41.002 98.994 41.002s72.552-14.562 98.998-41.006l192-191.998c54.584-54.586 54.584-143.406 0-197.992-20.308-20.308-20.306-53.232 0-73.54 20.306-20.306 53.232-20.306 73.54 0.002 95.132 95.134 95.132 249.932 0.002 345.068l-192.002 192c-46.090 46.088-107.364 71.466-172.538 71.466z"
        ],
        "tags": [
          "link",
          "chain",
          "url",
          "uri",
          "anchor"
        ],
        "defaultCode": 59851,
        "grid": 16,
        "attrs": []
      },
      "attrs": [],
      "properties": {
        "ligatures": "link, chain",
        "name": "link",
        "order": 8,
        "id": 204,
        "prevSize": 32,
        "code": 59851
      },
      "setIdx": 0,
      "setId": 1,
      "iconIdx": 203
    },
    {
      "icon": {
        "paths": [
          "M1024 397.050l-353.78-51.408-158.22-320.582-158.216 320.582-353.784 51.408 256 249.538-60.432 352.352 316.432-166.358 316.432 166.358-60.434-352.352 256.002-249.538z"
        ],
        "tags": [
          "star-full",
          "rate",
          "star",
          "favorite",
          "bookmark"
        ],
        "defaultCode": 59865,
        "grid": 16,
        "attrs": []
      },
      "attrs": [],
      "properties": {
        "ligatures": "star-full, rate3",
        "name": "star-full",
        "order": 10,
        "id": 218,
        "prevSize": 32,
        "code": 59865
      },
      "setIdx": 0,
      "setId": 1,
      "iconIdx": 217
    },
    {
      "icon": {
        "paths": [
          "M992 384h-352v-352c0-17.672-14.328-32-32-32h-192c-17.672 0-32 14.328-32 32v352h-352c-17.672 0-32 14.328-32 32v192c0 17.672 14.328 32 32 32h352v352c0 17.672 14.328 32 32 32h192c17.672 0 32-14.328 32-32v-352h352c17.672 0 32-14.328 32-32v-192c0-17.672-14.328-32-32-32z"
        ],
        "tags": [
          "plus",
          "add",
          "sum"
        ],
        "defaultCode": 59914,
        "grid": 16,
        "attrs": []
      },
      "attrs": [],
      "properties": {
        "ligatures": "plus, add",
        "name": "plus",
        "order": 14,
        "id": 267,
        "prevSize": 32,
        "code": 59914
      },
      "setIdx": 0,
      "setId": 1,
      "iconIdx": 266
    },
    {
      "icon": {
        "paths": [
          "M889.68 166.32c-93.608-102.216-228.154-166.32-377.68-166.32-282.77 0-512 229.23-512 512h96c0-229.75 186.25-416 416-416 123.020 0 233.542 53.418 309.696 138.306l-149.696 149.694h352v-352l-134.32 134.32z",
          "M928 512c0 229.75-186.25 416-416 416-123.020 0-233.542-53.418-309.694-138.306l149.694-149.694h-352v352l134.32-134.32c93.608 102.216 228.154 166.32 377.68 166.32 282.77 0 512-229.23 512-512h-96z"
        ],
        "tags": [
          "loop",
          "repeat",
          "player",
          "reload",
          "refresh",
          "update",
          "synchronize",
          "arrows"
        ],
        "defaultCode": 59950,
        "grid": 16,
        "attrs": []
      },
      "attrs": [],
      "properties": {
        "ligatures": "loop2, repeat2",
        "name": "loop2",
        "order": 13,
        "id": 303,
        "prevSize": 32,
        "code": 59950
      },
      "setIdx": 0,
      "setId": 1,
      "iconIdx": 302
    },
    {
      "icon": {
        "paths": [
          "M1024 226.4c-37.6 16.8-78.2 28-120.6 33 43.4-26 76.6-67.2 92.4-116.2-40.6 24-85.6 41.6-133.4 51-38.4-40.8-93-66.2-153.4-66.2-116 0-210 94-210 210 0 16.4 1.8 32.4 5.4 47.8-174.6-8.8-329.4-92.4-433-219.6-18 31-28.4 67.2-28.4 105.6 0 72.8 37 137.2 93.4 174.8-34.4-1-66.8-10.6-95.2-26.2 0 0.8 0 1.8 0 2.6 0 101.8 72.4 186.8 168.6 206-17.6 4.8-36.2 7.4-55.4 7.4-13.6 0-26.6-1.4-39.6-3.8 26.8 83.4 104.4 144.2 196.2 146-72 56.4-162.4 90-261 90-17 0-33.6-1-50.2-3 93.2 59.8 203.6 94.4 322.2 94.4 386.4 0 597.8-320.2 597.8-597.8 0-9.2-0.2-18.2-0.6-27.2 41-29.4 76.6-66.4 104.8-108.6z"
        ],
        "tags": [
          "twitter",
          "brand",
          "tweet",
          "social"
        ],
        "defaultCode": 60054,
        "grid": 16,
        "attrs": []
      },
      "attrs": [],
      "properties": {
        "ligatures": "twitter, brand16",
        "name": "twitter",
        "order": 3,
        "id": 407,
        "prevSize": 32,
        "code": 60054
      },
      "setIdx": 0,
      "setId": 1,
      "iconIdx": 406
    },
    {
      "icon": {
        "paths": [
          "M0 544c0-123.712 100.288-224 224-224s224 100.288 224 224c0 123.712-100.288 224-224 224s-224-100.288-224-224zM576 544c0-123.712 100.288-224 224-224s224 100.288 224 224c0 123.712-100.288 224-224 224s-224-100.288-224-224z"
        ],
        "tags": [
          "flickr",
          "brand",
          "social"
        ],
        "defaultCode": 60067,
        "grid": 16,
        "attrs": []
      },
      "attrs": [],
      "properties": {
        "ligatures": "flickr, brand27",
        "name": "flickr",
        "order": 15,
        "id": 420,
        "prevSize": 32,
        "code": 60067
      },
      "setIdx": 0,
      "setId": 1,
      "iconIdx": 419
    },
    {
      "icon": {
        "paths": [
          "M928 416c-28.428 0-53.958 12.366-71.536 32h-189.956l134.318-134.318c26.312 1.456 53.11-7.854 73.21-27.956 37.49-37.49 37.49-98.274 0-135.764s-98.274-37.49-135.766 0c-20.102 20.102-29.41 46.898-27.956 73.21l-134.314 134.318v-189.954c19.634-17.578 32-43.108 32-71.536 0-53.020-42.98-96-96-96s-96 42.98-96 96c0 28.428 12.366 53.958 32 71.536v189.954l-134.318-134.318c1.454-26.312-7.856-53.11-27.958-73.21-37.49-37.49-98.274-37.49-135.764 0-37.49 37.492-37.49 98.274 0 135.764 20.102 20.102 46.898 29.412 73.212 27.956l134.32 134.318h-189.956c-17.578-19.634-43.108-32-71.536-32-53.020 0-96 42.98-96 96s42.98 96 96 96c28.428 0 53.958-12.366 71.536-32h189.956l-134.318 134.318c-26.314-1.456-53.11 7.854-73.212 27.956-37.49 37.492-37.49 98.276 0 135.766 37.492 37.49 98.274 37.49 135.764 0 20.102-20.102 29.412-46.898 27.958-73.21l134.316-134.32v189.956c-19.634 17.576-32 43.108-32 71.536 0 53.020 42.98 96 96 96s96-42.98 96-96c0-28.428-12.366-53.958-32-71.536v-189.956l134.318 134.318c-1.456 26.312 7.854 53.11 27.956 73.21 37.492 37.49 98.276 37.49 135.766 0s37.49-98.274 0-135.766c-20.102-20.102-46.898-29.41-73.21-27.956l-134.32-134.316h189.956c17.576 19.634 43.108 32 71.536 32 53.020 0 96-42.98 96-96s-42.982-96-96.002-96z"
        ],
        "tags": [
          "svg"
        ],
        "defaultCode": 60137,
        "grid": 16,
        "attrs": []
      },
      "attrs": [],
      "properties": {
        "ligatures": "svg",
        "name": "svg",
        "order": 6,
        "id": 490,
        "prevSize": 32,
        "code": 60137
      },
      "setIdx": 0,
      "setId": 1,
      "iconIdx": 489
    }
  ],
  "height": 1024,
  "metadata": {
    "name": "icomoon"
  },
  "preferences": {
    "showGlyphs": true,
    "showQuickUse": true,
    "showQuickUse2": true,
    "showSVGs": true,
    "fontPref": {
      "prefix": "icon-",
      "metadata": {
        "fontFamily": "icomoon",
        "majorVersion": 1,
        "minorVersion": 0
      },
      "metrics": {
        "emSize": 1024,
        "baseline": 6.25,
        "whitespace": 50
      },
      "embed": false,
      "ie7": true,
      "noie8": false,
      "cssVars": true,
      "cssVarsFormat": "scss",
      "showSelector": false
    },
    "imagePref": {
      "prefix": "icon-",
      "png": true,
      "useClassSelector": true,
      "color": 0,
      "bgColor": 16777215,
      "classSelector": ".icon"
    },
    "historySize": 50,
    "showCodes": true,
    "gridSize": 16
  }
}